INSERT INTO vtiger_dbdcompanies(dbdcompaniesid,dbdcompanies) VALUES('235','บริษัท เอเอสพีดี คอร์ปอเรชั่น จำกัด');
INSERT INTO vtiger_dbdcompaniescf(dbdcompaniesid,cf_755,cf_757,cf_763,cf_759,cf_761,cf_809,cf_811,cf_813,cf_815,cf_817,cf_799,cf_801,cf_1995) VALUES('235','0105562021519','บริษัทจำกัด','2019-02-01','ยังดำเนินกิจการอยู่','30000000','5/9  ซอยราษฎร์พัฒนา 10','ราษฎร์พัฒนา','สะพานสูง','กรุงเทพมหานคร','10240','68102','การซื้อและการขายอสังหาริมทรัพย์ที่เป็นของตนเองที่ไม่ใช่ เพื่อเป็นที่พักอาศัย','ประกอบกิจการซื้อ ขาย ให้เช่า ฝากขาย เเละจำนองอสังหาริมทรัพย์ รวมทั้งการจำนำ');
INSERT INTO vtiger_crmentity(crmid, description, createdtime, modifiedtime, smownerid, smcreatorid, modifiedby, label, setype ) VALUES('235', '', NOW(), NOW(), 1, 1, 1, 'บริษัท เอเอสพีดี คอร์ปอเรชั่น จำกัด', 'DBDCompanies');
INSERT INTO vtiger_dbdcompanies(dbdcompaniesid,dbdcompanies) VALUES('236','บริษัท วิเศษสุข วิลล่า จำกัด');
INSERT INTO vtiger_dbdcompaniescf(dbdcompaniesid,cf_755,cf_757,cf_763,cf_759,cf_761,cf_809,cf_811,cf_813,cf_815,cf_817,cf_799,cf_801,cf_1995) VALUES('236','0105562021942','บริษัทจำกัด','2019-02-01','ยังดำเนินกิจการอยู่','20000000','24  ซอยประชาอุทิศ 12 แยก 2','ราษฎร์บูรณะ','ราษฎร์บูรณะ','กรุงเทพมหานคร','10140','68102','การซื้อและการขายอสังหาริมทรัพย์ที่เป็นของตนเองที่ไม่ใช่ เพื่อเป็นที่พักอาศัย','ประกอบกิจการซื้อขายที่ดิน');
INSERT INTO vtiger_crmentity(crmid, description, createdtime, modifiedtime, smownerid, smcreatorid, modifiedby, label, setype ) VALUES('236', '', NOW(), NOW(), 1, 1, 1, 'บริษัท วิเศษสุข วิลล่า จำกัด', 'DBDCompanies');
INSERT INTO vtiger_dbdcompanies(dbdcompaniesid,dbdcompanies) VALUES('237','บริษัท ดาน่อน เซ็ปเป้ เบฟเวอเรจส์ จำกัด');
INSERT INTO vtiger_dbdcompaniescf(dbdcompaniesid,cf_755,cf_757,cf_763,cf_759,cf_761,cf_809,cf_811,cf_813,cf_815,cf_817,cf_799,cf_801,cf_1995) VALUES('237','0105562022396','บริษัทจำกัด','2019-02-04','ยังดำเนินกิจการอยู่','100000000','71  อาคารเอส.พี.อาเขต ชั้นที่ 3 ถนนรามคำแหง','หัวหมาก','บางกะปิ','กรุงเทพมหานคร','10240','11049','การผลิตเครื่องดื่มที่ไม่มีแอลกอฮอล์อื่นๆซึ่งมิได้จัดประเภทไว้ในที่อื่น','ประกอบกิจการผลิต การพัฒนาตลาดและจัดจำหน่ายสินค้าเครื่องดื่มเพื่อสุขภาพที่ไม่มีส่วนผสมของแอลกอฮอล์');
INSERT INTO vtiger_crmentity(crmid, description, createdtime, modifiedtime, smownerid, smcreatorid, modifiedby, label, setype ) VALUES('237', '', NOW(), NOW(), 1, 1, 1, 'บริษัท ดาน่อน เซ็ปเป้ เบฟเวอเรจส์ จำกัด', 'DBDCompanies');
INSERT INTO vtiger_dbdcompanies(dbdcompaniesid,dbdcompanies) VALUES('238','บริษัท ชลบุรี หินสวย จำกัด');
INSERT INTO vtiger_dbdcompaniescf(dbdcompaniesid,cf_755,cf_757,cf_763,cf_759,cf_761,cf_809,cf_811,cf_813,cf_815,cf_817,cf_799,cf_801,cf_1995) VALUES('238','0105562022876','บริษัทจำกัด','2019-02-04','ยังดำเนินกิจการอยู่','150000000','17  ซอยสุขุมวิท 50','พระโขนง','คลองเตย','กรุงเทพมหานคร','10110','08999','การทำเหมืองแร่ เหมืองแร่อโลหะและเหมืองหินอื่นๆ ซึ่งมิได้จัดประเภทไว้ในที่อื่น','ประกอบกิจการเหมืองแร่ ระเบิดหินอ่อน ย่อยหิน ทำการขอสัมปะทานภูเขาหิน เพื่อตั้งโรงงาน');
INSERT INTO vtiger_crmentity(crmid, description, createdtime, modifiedtime, smownerid, smcreatorid, modifiedby, label, setype ) VALUES('238', '', NOW(), NOW(), 1, 1, 1, 'บริษัท ชลบุรี หินสวย จำกัด', 'DBDCompanies');
INSERT INTO vtiger_dbdcompanies(dbdcompaniesid,dbdcompanies) VALUES('239','บริษัท ซัน เอ็น โฮลดิ้ง จำกัด');
INSERT INTO vtiger_dbdcompaniescf(dbdcompaniesid,cf_755,cf_757,cf_763,cf_759,cf_761,cf_809,cf_811,cf_813,cf_815,cf_817,cf_799,cf_801,cf_1995) VALUES('239','0105562023201','บริษัทจำกัด','2019-02-04','ยังดำเนินกิจการอยู่','105500000','74  ซอยบางกระดี่ 32','แสมดำ','บางขุนเทียน','กรุงเทพมหานคร','10150','70209','กิจกรรมให้คำปรึกษาด้านการบริหารจัดการอื่นๆซึ่งมิได้จัด ประเภทไว้ในที่อื่น','ประกอบกิจการรับเป็นที่ปรึกษาและให้คำแนะนำปัญหาเกี่ยวกับด้านบริหารงานพาณิชยกรรม');
INSERT INTO vtiger_crmentity(crmid, description, createdtime, modifiedtime, smownerid, smcreatorid, modifiedby, label, setype ) VALUES('239', '', NOW(), NOW(), 1, 1, 1, 'บริษัท ซัน เอ็น โฮลดิ้ง จำกัด', 'DBDCompanies');
INSERT INTO vtiger_dbdcompanies(dbdcompaniesid,dbdcompanies) VALUES('240','บริษัท ยู แคปปิตอล 789 จำกัด');
INSERT INTO vtiger_dbdcompaniescf(dbdcompaniesid,cf_755,cf_757,cf_763,cf_759,cf_761,cf_809,cf_811,cf_813,cf_815,cf_817,cf_799,cf_801,cf_1995) VALUES('240','0105562023481','บริษัทจำกัด','2019-02-05','เสร็จการชำระบัญชี','50000000','128/474  ถนนพญาไท','ทุ่งพญาไท','ราชเทวี','กรุงเทพมหานคร','10400','70202','กิจกรรมให้คำปรึกษาด้านการบริหารจัดการการเงิน','ประกอบกิจการให้คำปรึกษาด้านการเงินส่วนบุคคล');
INSERT INTO vtiger_crmentity(crmid, description, createdtime, modifiedtime, smownerid, smcreatorid, modifiedby, label, setype ) VALUES('240', '', NOW(), NOW(), 1, 1, 1, 'บริษัท ยู แคปปิตอล 789 จำกัด', 'DBDCompanies');
INSERT INTO vtiger_dbdcompanies(dbdcompaniesid,dbdcompanies) VALUES('241','บริษัท เอ็มทีบี เอสเตท จำกัด');
INSERT INTO vtiger_dbdcompaniescf(dbdcompaniesid,cf_755,cf_757,cf_763,cf_759,cf_761,cf_809,cf_811,cf_813,cf_815,cf_817,cf_799,cf_801,cf_1995) VALUES('241','0105562023872','บริษัทจำกัด','2019-02-05','ยังดำเนินกิจการอยู่','40000000','82/2  ซอยพหลโยธิน 55','อนุสาวรีย์','บางเขน','กรุงเทพมหานคร','10220','68103','การเช่าและการดำเนินการเกี่ยวกับอสังหาริมทรัพย์ที่เป็น ของตนเองหรือเช่าจากผู้อื่นเพื่อเป็นที่พักอาศัย','ประกิจการให้เช่าอาคาร ที่พักอาศัย และห้องพักอาศัย');
INSERT INTO vtiger_crmentity(crmid, description, createdtime, modifiedtime, smownerid, smcreatorid, modifiedby, label, setype ) VALUES('241', '', NOW(), NOW(), 1, 1, 1, 'บริษัท เอ็มทีบี เอสเตท จำกัด', 'DBDCompanies');
INSERT INTO vtiger_dbdcompanies(dbdcompaniesid,dbdcompanies) VALUES('242','บริษัท เทรด แฟคเตอร์ จำกัด');
INSERT INTO vtiger_dbdcompaniescf(dbdcompaniesid,cf_755,cf_757,cf_763,cf_759,cf_761,cf_809,cf_811,cf_813,cf_815,cf_817,cf_799,cf_801,cf_1995) VALUES('242','0105562023945','บริษัทจำกัด','2019-02-05','ยังดำเนินกิจการอยู่','20000000','999  ถนนสามเสน','ถนนนครไชยศรี','ดุสิต','กรุงเทพมหานคร','10300','46102','การขายส่งอาหารเครื่องดื่มและยาสูบโดยได้รับค่าตอบแทนหรือตามสัญญาจ้าง','ประกอบกิจการส่งออก นำเข้า และจำหน่ายสินค้าประเภทอาหารและเครื่องดื่ม');
INSERT INTO vtiger_crmentity(crmid, description, createdtime, modifiedtime, smownerid, smcreatorid, modifiedby, label, setype ) VALUES('242', '', NOW(), NOW(), 1, 1, 1, 'บริษัท เทรด แฟคเตอร์ จำกัด', 'DBDCompanies');
INSERT INTO vtiger_dbdcompanies(dbdcompaniesid,dbdcompanies) VALUES('243','บริษัท เอเบิ้ล แอสเสท สุขุมวิท จำกัด');
INSERT INTO vtiger_dbdcompaniescf(dbdcompaniesid,cf_755,cf_757,cf_763,cf_759,cf_761,cf_809,cf_811,cf_813,cf_815,cf_817,cf_799,cf_801,cf_1995) VALUES('243','0105562025204','บริษัทจำกัด','2019-02-06','ยังดำเนินกิจการอยู่','50000000','3300/96  อาคารตึกช้าง อาคารบี ชั้นที่ 17 ถนนพหลโยธิน','จอมพล','จตุจักร','กรุงเทพมหานคร','10900','68102','การซื้อและการขายอสังหาริมทรัพย์ที่เป็นของตนเองที่ไม่ใช่ เพื่อเป็นที่พักอาศัย','ประกอบกิจการพัฒนาอสังหาริมทรัพย์ที่ดิน อาคารเพื่อการพักอาศัย เพื่อการขาย หรือเช่า');
INSERT INTO vtiger_crmentity(crmid, description, createdtime, modifiedtime, smownerid, smcreatorid, modifiedby, label, setype ) VALUES('243', '', NOW(), NOW(), 1, 1, 1, 'บริษัท เอเบิ้ล แอสเสท สุขุมวิท จำกัด', 'DBDCompanies');
INSERT INTO vtiger_dbdcompanies(dbdcompaniesid,dbdcompanies) VALUES('244','บริษัท สบายใจมันนี่ จำกัด');
INSERT INTO vtiger_dbdcompaniescf(dbdcompaniesid,cf_755,cf_757,cf_763,cf_759,cf_761,cf_809,cf_811,cf_813,cf_815,cf_817,cf_799,cf_801,cf_1995) VALUES('244','0105562025743','บริษัทจำกัด','2019-02-07','ยังดำเนินกิจการอยู่','50000000','161/1  อาคารเอสจีทาวเวอร์ ชั้นที่ 17 ซอยมหาดเล็กหลวง 3 ถนนราชดำริ','ลุมพินี','ปทุมวัน','กรุงเทพมหานคร','10330','64929','การให้สินเชื่ออื่นๆซึ่งมิได้จัดประเภทไว้ในที่อื่น','กู้ยืมเงิน เบิกเงินเกินบัญชีจากธนาคาร นิติบุคคล หรือสถาบันการเงินอื่น และให้กู้ยืนเงินหรือให้เครดิตด้วยวิธีการอื่น');
INSERT INTO vtiger_crmentity(crmid, description, createdtime, modifiedtime, smownerid, smcreatorid, modifiedby, label, setype ) VALUES('244', '', NOW(), NOW(), 1, 1, 1, 'บริษัท สบายใจมันนี่ จำกัด', 'DBDCompanies');
INSERT INTO vtiger_dbdcompanies(dbdcompaniesid,dbdcompanies) VALUES('245','บริษัท กิจการร่วมค้า จีเคอี แอนด์ จีพีดี จำกัด');
INSERT INTO vtiger_dbdcompaniescf(dbdcompaniesid,cf_755,cf_757,cf_763,cf_759,cf_761,cf_809,cf_811,cf_813,cf_815,cf_817,cf_799,cf_801,cf_1995) VALUES('245','0105562027614','บริษัทจำกัด','2019-02-11','ยังดำเนินกิจการอยู่','80000000','1177  อาคารเพิร์ล แบงก์ค็อก ชั้นที่ 8 ถนนพหลโยธิน','พญาไท','พญาไท','กรุงเทพมหานคร','10400','43210','การติดตั้งไฟฟ้า','รับงานด้านระบบไฟฟ้า และระบบคอมพิวเตอร์');
INSERT INTO vtiger_crmentity(crmid, description, createdtime, modifiedtime, smownerid, smcreatorid, modifiedby, label, setype ) VALUES('245', '', NOW(), NOW(), 1, 1, 1, 'บริษัท กิจการร่วมค้า จีเคอี แอนด์ จีพีดี จำกัด', 'DBDCompanies');
INSERT INTO vtiger_dbdcompanies(dbdcompaniesid,dbdcompanies) VALUES('246','บริษัท เสรีวัฒนา แบตเตอรี่ จำกัด');
INSERT INTO vtiger_dbdcompaniescf(dbdcompaniesid,cf_755,cf_757,cf_763,cf_759,cf_761,cf_809,cf_811,cf_813,cf_815,cf_817,cf_799,cf_801,cf_1995) VALUES('246','0105562028556','บริษัทจำกัด','2019-02-11','ยังดำเนินกิจการอยู่','60000000','742/1  ถนนพุทธมณฑล สาย 3','ศาลาธรรมสพน์','ทวีวัฒนา','กรุงเทพมหานคร','10170','45301','การขายส่งชิ้นส่วนและอุปกรณ์เสริมใหม่ของยานยนต์','ประกอบกิจการค้า นำเข้า ส่งออก อะไหล่ และอุปกรณ์ต่างๆ ที่ใช้กับยานพาหนะทุกชนิด เครื่องกำเนิดไฟฟ้า เครื่องกำเนิดไอน้ำ');
INSERT INTO vtiger_crmentity(crmid, description, createdtime, modifiedtime, smownerid, smcreatorid, modifiedby, label, setype ) VALUES('246', '', NOW(), NOW(), 1, 1, 1, 'บริษัท เสรีวัฒนา แบตเตอรี่ จำกัด', 'DBDCompanies');
INSERT INTO vtiger_dbdcompanies(dbdcompaniesid,dbdcompanies) VALUES('247','บริษัท พียูวี อินเตอร์ จำกัด');
INSERT INTO vtiger_dbdcompaniescf(dbdcompaniesid,cf_755,cf_757,cf_763,cf_759,cf_761,cf_809,cf_811,cf_813,cf_815,cf_817,cf_799,cf_801,cf_1995) VALUES('247','0105562030208','บริษัทจำกัด','2019-02-13','ยังดำเนินกิจการอยู่','50000000','50  ซอยโชคชัยจงจำเริญ ถนนพระราม 3','บางโพงพาง','ยานนาวา','กรุงเทพมหานคร','10120','14112','การผลิตเสื้อผ้าชั้นนอก','ประกอบกิจการผลิตและจำหน่ายเสื้อผ้าสำเร็จรูป');
INSERT INTO vtiger_crmentity(crmid, description, createdtime, modifiedtime, smownerid, smcreatorid, modifiedby, label, setype ) VALUES('247', '', NOW(), NOW(), 1, 1, 1, 'บริษัท พียูวี อินเตอร์ จำกัด', 'DBDCompanies');
INSERT INTO vtiger_dbdcompanies(dbdcompaniesid,dbdcompanies) VALUES('248','บริษัท พี แอนด์ ดับบลิว เรียลเอสเตท จำกัด');
INSERT INTO vtiger_dbdcompaniescf(dbdcompaniesid,cf_755,cf_757,cf_763,cf_759,cf_761,cf_809,cf_811,cf_813,cf_815,cf_817,cf_799,cf_801,cf_1995) VALUES('248','0105562030372','บริษัทจำกัด','2019-02-13','ยังดำเนินกิจการอยู่','30000000','447  ถนนอ่อนนุช','ประเวศ','ประเวศ','กรุงเทพมหานคร','10250','68102','การซื้อและการขายอสังหาริมทรัพย์ที่เป็นของตนเองที่ไม่ใช่ เพื่อเป็นที่พักอาศัย','ประกอบกิจการ ซื้อ ขาย ให้เช่า ตึก อาคาร อสังหาริมทรัพย์ทุกชนิด');
INSERT INTO vtiger_crmentity(crmid, description, createdtime, modifiedtime, smownerid, smcreatorid, modifiedby, label, setype ) VALUES('248', '', NOW(), NOW(), 1, 1, 1, 'บริษัท พี แอนด์ ดับบลิว เรียลเอสเตท จำกัด', 'DBDCompanies');
INSERT INTO vtiger_dbdcompanies(dbdcompaniesid,dbdcompanies) VALUES('249','บริษัท พีเอฟ ฟอเรสทรี จำกัด');
INSERT INTO vtiger_dbdcompaniescf(dbdcompaniesid,cf_755,cf_757,cf_763,cf_759,cf_761,cf_809,cf_811,cf_813,cf_815,cf_817,cf_799,cf_801,cf_1995) VALUES('249','0105562031735','บริษัทจำกัด','2019-02-14','ยังดำเนินกิจการอยู่','15000000','100/1  อาคารวรสมบัติ ชั้นที่ 17 ถนนพระราม 9','ห้วยขวาง','ห้วยขวาง','กรุงเทพมหานคร','10310','64202','กิจกรรมของบริษัทโฮลดิ้งที่ไม่ได้ลงทุนในธุรกิจการเงินเป็นหลัก','เข้าเป็นผู้ถือหุ้นในบริษัทจำกัด-มหาชนจำกัดอื่น');
INSERT INTO vtiger_crmentity(crmid, description, createdtime, modifiedtime, smownerid, smcreatorid, modifiedby, label, setype ) VALUES('249', '', NOW(), NOW(), 1, 1, 1, 'บริษัท พีเอฟ ฟอเรสทรี จำกัด', 'DBDCompanies');
INSERT INTO vtiger_dbdcompanies(dbdcompaniesid,dbdcompanies) VALUES('250','บริษัท เอสซี-สกาย โฮลดิ้ง จำกัด');
INSERT INTO vtiger_dbdcompaniescf(dbdcompaniesid,cf_755,cf_757,cf_763,cf_759,cf_761,cf_809,cf_811,cf_813,cf_815,cf_817,cf_799,cf_801,cf_1995) VALUES('250','0105562032081','บริษัทจำกัด','2019-02-15','ยังดำเนินกิจการอยู่','620000000','1888  ซอยเพชรเกษม 63','หลักสอง','บางแค','กรุงเทพมหานคร','10160','70209','กิจกรรมให้คำปรึกษาด้านการบริหารจัดการอื่นๆซึ่งมิได้จัด ประเภทไว้ในที่อื่น','ประกอบกิจการรับเป็นที่ปรึกษาและให้คำแนะนำปัญหาเกี่ยวกับด้านบริหารงานพาณิชย์กรรม');
INSERT INTO vtiger_crmentity(crmid, description, createdtime, modifiedtime, smownerid, smcreatorid, modifiedby, label, setype ) VALUES('250', '', NOW(), NOW(), 1, 1, 1, 'บริษัท เอสซี-สกาย โฮลดิ้ง จำกัด', 'DBDCompanies');
INSERT INTO vtiger_dbdcompanies(dbdcompaniesid,dbdcompanies) VALUES('251','บริษัท หงส์หยก อินเตอร์เทรด จำกัด');
INSERT INTO vtiger_dbdcompaniescf(dbdcompaniesid,cf_755,cf_757,cf_763,cf_759,cf_761,cf_809,cf_811,cf_813,cf_815,cf_817,cf_799,cf_801,cf_1995) VALUES('251','0105562033142','บริษัทจำกัด','2019-02-18','ยังดำเนินกิจการอยู่','100000000','205/25  ซอยงามวงศ์วาน39 (ชัยเกียรติ1)','ทุ่งสองห้อง','หลักสี่','กรุงเทพมหานคร','10210','43120','การเตรียมสถานที่ก่อสร้าง','ประกอบกิจการ รับจ้างถมที่ ปรับแต่งหน้าดิน ขุดดิน ขุดทราย');
INSERT INTO vtiger_crmentity(crmid, description, createdtime, modifiedtime, smownerid, smcreatorid, modifiedby, label, setype ) VALUES('251', '', NOW(), NOW(), 1, 1, 1, 'บริษัท หงส์หยก อินเตอร์เทรด จำกัด', 'DBDCompanies');
INSERT INTO vtiger_dbdcompanies(dbdcompaniesid,dbdcompanies) VALUES('252','บริษัท เดชะรินทร์ (2018) จำกัด');
INSERT INTO vtiger_dbdcompaniescf(dbdcompaniesid,cf_755,cf_757,cf_763,cf_759,cf_761,cf_809,cf_811,cf_813,cf_815,cf_817,cf_799,cf_801,cf_1995) VALUES('252','0105562034556','บริษัทจำกัด','2019-02-20','ยังดำเนินกิจการอยู่','54000800','971/2-4  ถนนพหลโยธิน','สามเสนใน','พญาไท','กรุงเทพมหานคร','10400','70209','กิจกรรมให้คำปรึกษาด้านการบริหารจัดการอื่นๆซึ่งมิได้จัด ประเภทไว้ในที่อื่น','ให้บริการเป็นที่ปรึกษาและให้คำแนะนำเกี่ยวกับการจัดการ อุตสาหกรรม การผลิต การตลาด และการจำหน่าย');
INSERT INTO vtiger_crmentity(crmid, description, createdtime, modifiedtime, smownerid, smcreatorid, modifiedby, label, setype ) VALUES('252', '', NOW(), NOW(), 1, 1, 1, 'บริษัท เดชะรินทร์ (2018) จำกัด', 'DBDCompanies');
INSERT INTO vtiger_dbdcompanies(dbdcompaniesid,dbdcompanies) VALUES('253','บริษัท แม็กนั่ม เอสเตท โฮลดิ้ง จำกัด');
INSERT INTO vtiger_dbdcompaniescf(dbdcompaniesid,cf_755,cf_757,cf_763,cf_759,cf_761,cf_809,cf_811,cf_813,cf_815,cf_817,cf_799,cf_801,cf_1995) VALUES('253','0105562035463','บริษัทจำกัด','2019-02-21','ยังดำเนินกิจการอยู่','771200000','27,29  ชั้นที่ 3 ถนนบูรพา','วังบูรพาภิรมย์','พระนคร','กรุงเทพมหานคร','10200','64202','กิจกรรมของบริษัทโฮลดิ้งที่ไม่ได้ลงทุนในธุรกิจการเงินเป็นหลัก','เข้าเป็นหุ้นส่วนจำกัดความรับผิดชอบในห้างหุ้นส่วนจำกัด เป็นผู้ถือหุ้นในบริษัทจำกัดและบริษัทจำกัดและบริษัทมหาชนจำกัด');
INSERT INTO vtiger_crmentity(crmid, description, createdtime, modifiedtime, smownerid, smcreatorid, modifiedby, label, setype ) VALUES('253', '', NOW(), NOW(), 1, 1, 1, 'บริษัท แม็กนั่ม เอสเตท โฮลดิ้ง จำกัด', 'DBDCompanies');
INSERT INTO vtiger_dbdcompanies(dbdcompaniesid,dbdcompanies) VALUES('254','บริษัท สเปซ แมเนจเม้นท์ จำกัด');
INSERT INTO vtiger_dbdcompaniescf(dbdcompaniesid,cf_755,cf_757,cf_763,cf_759,cf_761,cf_809,cf_811,cf_813,cf_815,cf_817,cf_799,cf_801,cf_1995) VALUES('254','0105562038209','บริษัทจำกัด','2019-02-25','ยังดำเนินกิจการอยู่','30000000','888/5  ซอยสุขุมวิท 63 (เอกมัย)','คลองตันเหนือ','วัฒนา','กรุงเทพมหานคร','10110','68103','การเช่าและการดำเนินการเกี่ยวกับอสังหาริมทรัพย์ที่เป็น ของตนเองหรือเช่าจากผู้อื่นเพื่อเป็นที่พักอาศัย','ให้บริการห้องพักรายวัน และให้เช่าห้องพักรายเดือน');
INSERT INTO vtiger_crmentity(crmid, description, createdtime, modifiedtime, smownerid, smcreatorid, modifiedby, label, setype ) VALUES('254', '', NOW(), NOW(), 1, 1, 1, 'บริษัท สเปซ แมเนจเม้นท์ จำกัด', 'DBDCompanies');
INSERT INTO vtiger_dbdcompanies(dbdcompaniesid,dbdcompanies) VALUES('255','บริษัท ไนน์ทีนแอสเสท จำกัด');
INSERT INTO vtiger_dbdcompaniescf(dbdcompaniesid,cf_755,cf_757,cf_763,cf_759,cf_761,cf_809,cf_811,cf_813,cf_815,cf_817,cf_799,cf_801,cf_1995) VALUES('255','0105562038896','บริษัทจำกัด','2019-02-26','ยังดำเนินกิจการอยู่','250000000','198/206  อาคารไดมอนด์รัชดา ถนนรัชดาภิเษก','ห้วยขวาง','ห้วยขวาง','กรุงเทพมหานคร','10310','68101','การซื้อและการขายอสังหาริมทรัพย์ที่เป็นของตนเอง เพื่อการพักอาศัย','การซื้อและการขายอสังหาริมทรัพย์ที่เป็นของตนเองเพื่อการพักอาศัย');
INSERT INTO vtiger_crmentity(crmid, description, createdtime, modifiedtime, smownerid, smcreatorid, modifiedby, label, setype ) VALUES('255', '', NOW(), NOW(), 1, 1, 1, 'บริษัท ไนน์ทีนแอสเสท จำกัด', 'DBDCompanies');
INSERT INTO vtiger_dbdcompanies(dbdcompaniesid,dbdcompanies) VALUES('256','บริษัท เฉิงเหยา เทคโนโลยี จำกัด');
INSERT INTO vtiger_dbdcompaniescf(dbdcompaniesid,cf_755,cf_757,cf_763,cf_759,cf_761,cf_809,cf_811,cf_813,cf_815,cf_817,cf_799,cf_801,cf_1995) VALUES('256','0105562039167','บริษัทจำกัด','2019-02-26','ยังดำเนินกิจการอยู่','100000000','700/120  หมู่ที่ 1','บ้านเก่า','พานทอง','ชลบุรี','20160','25119','การผลิตผลิตภัณฑ์อื่นๆ ที่มีโครงสร้างเป็นโลหะ ซึ่งมิได้จัดประเภทไว้ในที่อื่น','ผลิตรับจ้างผลิตโลหะทุกชนิด');
INSERT INTO vtiger_crmentity(crmid, description, createdtime, modifiedtime, smownerid, smcreatorid, modifiedby, label, setype ) VALUES('256', '', NOW(), NOW(), 1, 1, 1, 'บริษัท เฉิงเหยา เทคโนโลยี จำกัด', 'DBDCompanies');
INSERT INTO vtiger_dbdcompanies(dbdcompaniesid,dbdcompanies) VALUES('257','บริษัท ซี.สไตน์เวก โลจิสติกส์ (ไทยแลนด์) จำกัด');
INSERT INTO vtiger_dbdcompaniescf(dbdcompaniesid,cf_755,cf_757,cf_763,cf_759,cf_761,cf_809,cf_811,cf_813,cf_815,cf_817,cf_799,cf_801,cf_1995) VALUES('257','0105562039248','บริษัทจำกัด','2019-02-26','ยังดำเนินกิจการอยู่','16000000','4/222 หมู่ที่ 10  อาคารฮาร์เบอร์ ออฟฟิศ ชั้นที่ 12 ถนนสุขุมวิท','ทุ่งสุขลา','ศรีราชา','ชลบุรี','20230','52291','กิจกรรมการบริหารจัดการด้านการขนส่งและสถานที่เก็บสินค้า','ประกอบธุรกิจให้บริการเป็นศูนย์กระจายสินค้า (Distribution Center)');
INSERT INTO vtiger_crmentity(crmid, description, createdtime, modifiedtime, smownerid, smcreatorid, modifiedby, label, setype ) VALUES('257', '', NOW(), NOW(), 1, 1, 1, 'บริษัท ซี.สไตน์เวก โลจิสติกส์ (ไทยแลนด์) จำกัด', 'DBDCompanies');
INSERT INTO vtiger_dbdcompanies(dbdcompaniesid,dbdcompanies) VALUES('258','บริษัท เจ เอ โอ โฮลดิ้งส์ จำกัด');
INSERT INTO vtiger_dbdcompaniescf(dbdcompaniesid,cf_755,cf_757,cf_763,cf_759,cf_761,cf_809,cf_811,cf_813,cf_815,cf_817,cf_799,cf_801,cf_1995) VALUES('258','0105562039914','บริษัทจำกัด','2019-02-27','ยังดำเนินกิจการอยู่','13600000','18  ซอยประเสริฐมนูกิจ 25 ถนนประเสริฐมนูกิจ','จรเข้บัว','ลาดพร้าว','กรุงเทพมหานคร','10230','64202','กิจกรรมของบริษัทโฮลดิ้งที่ไม่ได้ลงทุนในธุรกิจการเงินเป็นหลัก','ประกอลกิจการบริษัทโฮลดิ้งไม่ได้ลงทุนในธุรกิจการเงินเป็นหลัก');
INSERT INTO vtiger_crmentity(crmid, description, createdtime, modifiedtime, smownerid, smcreatorid, modifiedby, label, setype ) VALUES('258', '', NOW(), NOW(), 1, 1, 1, 'บริษัท เจ เอ โอ โฮลดิ้งส์ จำกัด', 'DBDCompanies');
INSERT INTO vtiger_dbdcompanies(dbdcompaniesid,dbdcompanies) VALUES('259','บริษัท เอ็มบี สุขุมวิท จำกัด');
INSERT INTO vtiger_dbdcompaniescf(dbdcompaniesid,cf_755,cf_757,cf_763,cf_759,cf_761,cf_809,cf_811,cf_813,cf_815,cf_817,cf_799,cf_801,cf_1995) VALUES('259','0105562040220','บริษัทจำกัด','2019-02-27','ยังดำเนินกิจการอยู่','200000000','1114  ถนนศรีนครินทร์','สวนหลวง','สวนหลวง','กรุงเทพมหานคร','10250','45101','การขายยานยนต์ใหม่ชนิดรถยนต์นั่งส่วนบุคคลรถกระบะรถตู้ และรถขนาดเล็กที่คล้ายกัน','ประกอบกิจการซื้อ-ขาย รถยนต์ อะไหล่รถยนต์และอุปกรณ์รถยนต์');
INSERT INTO vtiger_crmentity(crmid, description, createdtime, modifiedtime, smownerid, smcreatorid, modifiedby, label, setype ) VALUES('259', '', NOW(), NOW(), 1, 1, 1, 'บริษัท เอ็มบี สุขุมวิท จำกัด', 'DBDCompanies');
INSERT INTO vtiger_dbdcompanies(dbdcompaniesid,dbdcompanies) VALUES('260','บริษัท ซูเปอร์ เอส โฮลดิ้งส์ จำกัด');
INSERT INTO vtiger_dbdcompaniescf(dbdcompaniesid,cf_755,cf_757,cf_763,cf_759,cf_761,cf_809,cf_811,cf_813,cf_815,cf_817,cf_799,cf_801,cf_1995) VALUES('260','0105562040599','บริษัทจำกัด','2019-02-28','ยังดำเนินกิจการอยู่','15200000','18  ซอยประเสริฐมนูกิจ 25 ถนนประเสริฐมนูกิจ','จรเข้บัว','ลาดพร้าว','กรุงเทพมหานคร','10230','64202','กิจกรรมของบริษัทโฮลดิ้งที่ไม่ได้ลงทุนในธุรกิจการเงินเป็นหลัก','กิจกรรมของบริษัทโฮลดิ้งส์ที่ไม่ได้ลทุนในการเงินหลัก');
INSERT INTO vtiger_crmentity(crmid, description, createdtime, modifiedtime, smownerid, smcreatorid, modifiedby, label, setype ) VALUES('260', '', NOW(), NOW(), 1, 1, 1, 'บริษัท ซูเปอร์ เอส โฮลดิ้งส์ จำกัด', 'DBDCompanies');
INSERT INTO vtiger_dbdcompanies(dbdcompaniesid,dbdcompanies) VALUES('261','บริษัท ดีจริงแลนด์ จำกัด');
INSERT INTO vtiger_dbdcompaniescf(dbdcompaniesid,cf_755,cf_757,cf_763,cf_759,cf_761,cf_809,cf_811,cf_813,cf_815,cf_817,cf_799,cf_801,cf_1995) VALUES('261','0105562040912','บริษัทจำกัด','2019-02-28','ยังดำเนินกิจการอยู่','40000000','4/2  ซอยอารีย์สัมพันธ์ 3 ถนนพหลโยธิน','สามเสนใน','พญาไท','กรุงเทพมหานคร','10400','68102','การซื้อและการขายอสังหาริมทรัพย์ที่เป็นของตนเองที่ไม่ใช่ เพื่อเป็นที่พักอาศัย','ธุรกิจอสังหาริมทรัพย์ จัดสรรที่ดิน รับปลูกสร้างหรือธุรกิจอื่นใดที่เกี่ยวข้องหรือต่อเนื่อง');
INSERT INTO vtiger_crmentity(crmid, description, createdtime, modifiedtime, smownerid, smcreatorid, modifiedby, label, setype ) VALUES('261', '', NOW(), NOW(), 1, 1, 1, 'บริษัท ดีจริงแลนด์ จำกัด', 'DBDCompanies');
INSERT INTO vtiger_dbdcompanies(dbdcompaniesid,dbdcompanies) VALUES('262','บริษัท สบาย เทคโนโลยี จำกัด (มหาชน)');
INSERT INTO vtiger_dbdcompaniescf(dbdcompaniesid,cf_755,cf_757,cf_763,cf_759,cf_761,cf_809,cf_811,cf_813,cf_815,cf_817,cf_799,cf_801,cf_1995) VALUES('262','0107562000017','บริษัทมหาชนจำกัด','2019-02-26','ยังดำเนินกิจการอยู่','887982700','230  ถนนบางขุนเทียน-ชายทะเล','แสมดำ','บางขุนเทียน','กรุงเทพมหานคร','10150','46599','การขายส่งเครื่องจักรและอุปกรณ์อื่นๆซึ่งมิได้จัดประเภทไว้ในที่อื่น','ขายเครื่องรับชำระเงินอัตโนมัติ');
INSERT INTO vtiger_crmentity(crmid, description, createdtime, modifiedtime, smownerid, smcreatorid, modifiedby, label, setype ) VALUES('262', '', NOW(), NOW(), 1, 1, 1, 'บริษัท สบาย เทคโนโลยี จำกัด (มหาชน)', 'DBDCompanies');
